<s:Envelope xmlns:s="http://schemas.xmlsoap.org/soap/envelope/"><s:Body><GetRestaurantMenuResponse xmlns="http://menutka.com"><GetRestaurantMenuResult xmlns:a="http://schemas.datacontract.org/2004/07/MenutkaPrivateService" xmlns:i="http://www.w3.org/2001/XMLSchema-instance"><a:MenuItem><a:CategoryId>10</a:CategoryId><a:Id>504762</a:Id><a:IsFavourite>false</a:IsFavourite><a:Likes>0</a:Likes></a:MenuItem><a:MenuItem><a:CategoryId>10</a:CategoryId><a:Id>504763</a:Id><a:IsFavourite>false</a:IsFavourite><a:Likes>0</a:Likes></a:MenuItem><a:MenuItem><a:CategoryId>10</a:CategoryId><a:Id>504765</a:Id><a:IsFavourite>false</a:IsFavourite><a:Likes>0</a:Likes></a:MenuItem><a:MenuItem><a:CategoryId>10</a:CategoryId><a:Id>504764</a:Id><a:IsFavourite>false</a:IsFavourite><a:Likes>0</a:Likes></a:MenuItem><a:MenuItem><a:CategoryId>10</a:CategoryId><a:Id>504766</a:Id><a:IsFavourite>false</a:IsFavourite><a:Likes>0</a:Likes></a:MenuItem><a:MenuItem><a:CategoryId>1</a:CategoryId><a:Id>504760</a:Id><a:IsFavourite>false</a:IsFavourite><a:Likes>0</a:Likes></a:MenuItem><a:MenuItem><a:CategoryId>1</a:CategoryId><a:Id>504759</a:Id><a:IsFavourite>false</a:IsFavourite><a:Likes>0</a:Likes></a:MenuItem><a:MenuItem><a:CategoryId>1</a:CategoryId><a:Id>504755</a:Id><a:IsFavourite>false</a:IsFavourite><a:Likes>0</a:Likes></a:MenuItem><a:MenuItem><a:CategoryId>1</a:CategoryId><a:Id>504756</a:Id><a:IsFavourite>false</a:IsFavourite><a:Likes>0</a:Likes></a:MenuItem><a:MenuItem><a:CategoryId>1</a:CategoryId><a:Id>504754</a:Id><a:IsFavourite>false</a:IsFavourite><a:Likes>0</a:Likes></a:MenuItem><a:MenuItem><a:CategoryId>1</a:CategoryId><a:Id>504761</a:Id><a:IsFavourite>false</a:IsFavourite><a:Likes>0</a:Likes></a:MenuItem><a:MenuItem><a:CategoryId>1</a:CategoryId><a:Id>504757</a:Id><a:IsFavourite>false</a:IsFavourite><a:Likes>0</a:Likes></a:MenuItem><a:MenuItem><a:CategoryId>1</a:CategoryId><a:Id>504758</a:Id><a:IsFavourite>false</a:IsFavourite><a:Likes>0</a:Likes></a:MenuItem><a:MenuItem><a:CategoryId>8</a:CategoryId><a:Id>504767</a:Id><a:IsFavourite>false</a:IsFavourite><a:Likes>0</a:Likes></a:MenuItem><a:MenuItem><a:CategoryId>8</a:CategoryId><a:Id>504769</a:Id><a:IsFavourite>false</a:IsFavourite><a:Likes>0</a:Likes></a:MenuItem><a:MenuItem><a:CategoryId>8</a:CategoryId><a:Id>504768</a:Id><a:IsFavourite>false</a:IsFavourite><a:Likes>0</a:Likes></a:MenuItem><a:MenuItem><a:CategoryId>2</a:CategoryId><a:Id>504770</a:Id><a:IsFavourite>false</a:IsFavourite><a:Likes>0</a:Likes></a:MenuItem><a:MenuItem><a:CategoryId>2</a:CategoryId><a:Id>504773</a:Id><a:IsFavourite>false</a:IsFavourite><a:Likes>0</a:Likes></a:MenuItem><a:MenuItem><a:CategoryId>2</a:CategoryId><a:Id>504771</a:Id><a:IsFavourite>false</a:IsFavourite><a:Likes>0</a:Likes></a:MenuItem><a:MenuItem><a:CategoryId>2</a:CategoryId><a:Id>504772</a:Id><a:IsFavourite>false</a:IsFavourite><a:Likes>0</a:Likes></a:MenuItem><a:MenuItem><a:CategoryId>3</a:CategoryId><a:Id>504784</a:Id><a:IsFavourite>false</a:IsFavourite><a:Likes>0</a:Likes></a:MenuItem><a:MenuItem><a:CategoryId>3</a:CategoryId><a:Id>504782</a:Id><a:IsFavourite>false</a:IsFavourite><a:Likes>0</a:Likes></a:MenuItem><a:MenuItem><a:CategoryId>3</a:CategoryId><a:Id>504781</a:Id><a:IsFavourite>false</a:IsFavourite><a:Likes>0</a:Likes></a:MenuItem><a:MenuItem><a:CategoryId>3</a:CategoryId><a:Id>504783</a:Id><a:IsFavourite>false</a:IsFavourite><a:Likes>0</a:Likes></a:MenuItem><a:MenuItem><a:CategoryId>4</a:CategoryId><a:Id>504778</a:Id><a:IsFavourite>false</a:IsFavourite><a:Likes>0</a:Likes></a:MenuItem><a:MenuItem><a:CategoryId>4</a:CategoryId><a:Id>504780</a:Id><a:IsFavourite>false</a:IsFavourite><a:Likes>0</a:Likes></a:MenuItem><a:MenuItem><a:CategoryId>4</a:CategoryId><a:Id>504779</a:Id><a:IsFavourite>false</a:IsFavourite><a:Likes>0</a:Likes></a:MenuItem><a:MenuItem><a:CategoryId>5</a:CategoryId><a:Id>504777</a:Id><a:IsFavourite>false</a:IsFavourite><a:Likes>0</a:Likes></a:MenuItem><a:MenuItem><a:CategoryId>5</a:CategoryId><a:Id>504774</a:Id><a:IsFavourite>false</a:IsFavourite><a:Likes>0</a:Likes></a:MenuItem><a:MenuItem><a:CategoryId>5</a:CategoryId><a:Id>504776</a:Id><a:IsFavourite>false</a:IsFavourite><a:Likes>0</a:Likes></a:MenuItem><a:MenuItem><a:CategoryId>5</a:CategoryId><a:Id>504775</a:Id><a:IsFavourite>false</a:IsFavourite><a:Likes>0</a:Likes></a:MenuItem><a:MenuItem><a:CategoryId>20</a:CategoryId><a:Id>504785</a:Id><a:IsFavourite>false</a:IsFavourite><a:Likes>0</a:Likes></a:MenuItem><a:MenuItem><a:CategoryId>20</a:CategoryId><a:Id>504787</a:Id><a:IsFavourite>false</a:IsFavourite><a:Likes>0</a:Likes></a:MenuItem><a:MenuItem><a:CategoryId>20</a:CategoryId><a:Id>504786</a:Id><a:IsFavourite>false</a:IsFavourite><a:Likes>0</a:Likes></a:MenuItem><a:MenuItem><a:CategoryId>6906</a:CategoryId><a:Id>504788</a:Id><a:IsFavourite>false</a:IsFavourite><a:Likes>0</a:Likes></a:MenuItem><a:MenuItem><a:CategoryId>6906</a:CategoryId><a:Id>504789</a:Id><a:IsFavourite>false</a:IsFavourite><a:Likes>0</a:Likes></a:MenuItem><a:MenuItem><a:CategoryId>7</a:CategoryId><a:Id>504792</a:Id><a:IsFavourite>false</a:IsFavourite><a:Likes>0</a:Likes></a:MenuItem><a:MenuItem><a:CategoryId>7</a:CategoryId><a:Id>504794</a:Id><a:IsFavourite>false</a:IsFavourite><a:Likes>0</a:Likes></a:MenuItem><a:MenuItem><a:CategoryId>7</a:CategoryId><a:Id>504795</a:Id><a:IsFavourite>false</a:IsFavourite><a:Likes>0</a:Likes></a:MenuItem><a:MenuItem><a:CategoryId>7</a:CategoryId><a:Id>504791</a:Id><a:IsFavourite>false</a:IsFavourite><a:Likes>0</a:Likes></a:MenuItem><a:MenuItem><a:CategoryId>7</a:CategoryId><a:Id>504797</a:Id><a:IsFavourite>false</a:IsFavourite><a:Likes>0</a:Likes></a:MenuItem><a:MenuItem><a:CategoryId>7</a:CategoryId><a:Id>504793</a:Id><a:IsFavourite>false</a:IsFavourite><a:Likes>0</a:Likes></a:MenuItem><a:MenuItem><a:CategoryId>7</a:CategoryId><a:Id>504796</a:Id><a:IsFavourite>false</a:IsFavourite><a:Likes>0</a:Likes></a:MenuItem><a:MenuItem><a:CategoryId>7</a:CategoryId><a:Id>504798</a:Id><a:IsFavourite>false</a:IsFavourite><a:Likes>0</a:Likes></a:MenuItem><a:MenuItem><a:CategoryId>7</a:CategoryId><a:Id>504790</a:Id><a:IsFavourite>false</a:IsFavourite><a:Likes>1001</a:Likes></a:MenuItem></GetRestaurantMenuResult></GetRestaurantMenuResponse></s:Body></s:Envelope>